{
    "name": "ZONESTAR M3 Base",
    "version": 2,
    "inherits": "fdmprinter",
    "metadata": {
        "visible": false,
        "author": "ZONESTAR",
        "manufacturer": "ZONESTAR",
        "file_formats": "text/x-gcode",
        "platform_offset": [ 0, 0, 0],        
        "machine_extruder_trains":
        {
            "0": "zonestar_m3_extruder_1",
            "1": "zonestar_m3_extruder_2",
            "2": "zonestar_m3_extruder_3"
        }
    },

    "overrides": 
    {
        "machine_name": { "default_value": "ZONESTAR M3 Base" },
        "machine_width": { "default_value": 220 },
        "machine_depth": { "default_value": 220 },
        "machine_height": { "default_value": 220 },        
        "machine_extruder_count": { "default_value": 3 },
        "machine_extruders_share_heater": { "default_value": true },
        "gantry_height": { "value": 35 },
        "machine_head_with_fans_polygon":
        {
            "default_value": [
                [-30, 35],
                [-30, -42],
                [30, -42],
                [30, 35]
            ]
        },
        "speed_z_hop": { "default_value": 4 },
        
        "prime_tower_enable": { "value": "extruders_enabled_count > 1" },
        "retraction_amount": { "value": "12" },
        "retraction_combing": { "value": "'no_outer_surfaces'" },
        "retraction_hop": { "value": "2" },
        "retraction_hop_enabled": { "value": "extruders_enabled_count > 1" },
        "retraction_hop_only_when_collides": { "value": "True" },
        "retraction_min_travel": { "value": "5" },
        "retraction_prime_speed": { "value": "15" },
        "retraction_speed": { "value": "45" },
        "switch_extruder_retraction_amount": { "value": "0" },
                
        "layer_height": { "default_value": 0.2 },
        "machine_heated_bed": { "default_value": true },
        "machine_center_is_zero": { "default_value": false },
        "machine_gcode_flavor": { "default_value": "RepRap (Marlin/Sprinter)" },
        "machine_start_gcode": { "default_value": "" },
        "machine_end_gcode": { "default_value": "G92 E0\nG1 E-3 F2100\nG28 XY\nM104 S0\nG92 E0\nM140 S0\nM107\nM84\n" }
    }
}
