{
    "version": 2,
    "name": "VTOOL5",
    "inherits": "fdmextruder",
    "metadata": {
        "machine": "zonestar_m2mix_base",
        "position": "5"
    },

    "overrides": 
    {
        "extruder_nr": { "default_value": 5},
        "machine_nozzle_size": { "default_value": 0.4 },
        "material_diameter": { "default_value": 1.75 },
        "machine_nozzle_offset_x": { "default_value": 0.0 },
        "machine_nozzle_offset_y": { "default_value": 0.0 },
        "machine_extruder_start_code": { "default_value": ";Start G-code for Virual Extuder 5\nM163 S0 P80\nM163 S1 P20\nM164 S5\n;Mix Rate=80:20, change it if need"},
        "machine_extruder_end_code": { "default_value": ";End G-code for Virual Extuder 5\n"}
    }
}
